baseMean	log2FoldChange	lfcSE	stat	pvalue	padj	padj_nlog10	gene
11.76	4.3	1.1057596081482	3.88457771616911	1.025e-04	3.781e-03	2.42233986160054	CD80
35.11	4.04	0.635262464499627	6.35492695692204	2.085e-10	6.084e-08	7.21583187627949	NHS
38.13	3.51	1.15934653453874	3.03109444495931	2.437e-03	4.350e-02	1.36155168911793	ANXA3
12.19	3.28	1.04025385963935	3.14975168076445	1.634e-03	3.281e-02	1.48393352911796	SDPR
13.44	3.27	0.933927624373774	3.50317311146045	4.598e-04	1.250e-02	1.90294784541616	LPHN2
14.29	3.21	0.893677334346331	3.58642742631839	3.352e-04	9.744e-03	2.01126900603622	GP1BB
19.04	3.17	0.929496433895562	3.41384735519503	6.405e-04	1.602e-02	1.79539413028235	PF4
13.66	3.06	0.880527504518976	3.48008080587907	5.013e-04	1.326e-02	1.87761472802675	MITF
18.57	3.02	0.788172131549333	3.83161459463268	1.273e-04	4.474e-03	2.34932657831313	LHFP
46.89	2.57	0.48765649917978	5.26062316541282	1.436e-07	1.799e-05	4.74490469224078	SLAMF1
130.79	2.56	0.749749105951486	3.41169281571235	6.456e-04	1.611e-02	1.79277335059565	CCL1
27.25	2.54	0.582009921004358	4.36088406403697	1.295e-05	7.238e-04	3.14038936452211	PTGIR
149.76	2.45	0.670759014545592	3.65929335278345	2.529e-04	7.729e-03	2.11190115580183	SEMA4A
154	2.45	0.610589513162307	4.00711841481572	6.146e-05	2.487e-03	2.60428138497311	CTSH
18.93	2.44	0.715218325274019	3.4161726630874	6.351e-04	1.594e-02	1.79747206188947	PDF
214.8	2.35	0.290757517796581	8.09738221238795	5.615e-16	9.374e-13	12.0280945889629	TUBB6
21.39	2.25	0.657130270192876	3.42377752306077	6.176e-04	1.559e-02	1.80715700222704	HOXA9
30.58	2.2	0.629547894212941	3.49480339684341	4.744e-04	1.275e-02	1.89459019955919	TUBB1
33.5	2.17	0.637748872496501	3.39819191909431	6.783e-04	1.662e-02	1.77934528550326	CAMK4
20.71	2.15	0.651373690925595	3.29670049058332	9.783e-04	2.216e-02	1.65443182114868	STARD8
69.82	2.07	0.379500206746836	5.447503793669	5.108e-08	7.152e-06	5.1455431554547	CSF2RB
74.92	2.02	0.415769797633333	4.85611584570038	1.197e-06	1.031e-04	3.98658741570557	GPT2
32.71	2	0.554705188052126	3.59800355505971	3.207e-04	9.411e-03	2.02634272650238	GPR84
378.43	1.98	0.225222630752797	8.77281897627751	1.742e-18	4.654e-15	14.3321907215775	PYCR1
43.93	1.97	0.475982180466979	4.14832350385705	3.349e-05	1.552e-03	2.80921205740892	NEFH
253.22	1.96	0.229537152319573	8.55315575944311	1.198e-17	2.666e-14	13.574198698175	BCAT1
37.55	1.96	0.54997486963587	3.56508866247373	3.637e-04	1.045e-02	1.98105862864999	HBEGF
122.13	1.95	0.285981750914072	6.82489477402057	8.799e-12	4.700e-09	8.32789637288969	LINC00599
50.34	1.95	0.554890444119431	3.51469785844795	4.403e-04	1.210e-02	1.91732102100848	ITGA2B
88.84	1.88	0.371768873540575	5.06254244943081	4.137e-07	4.250e-05	4.37164445403179	ITGA1
35.64	1.86	0.554095829441572	3.35928501049654	7.814e-04	1.847e-02	1.73353905851081	SETD7
44.51	1.85	0.468969800871586	3.94474559584763	7.988e-05	3.092e-03	2.50974387995634	MT1E
1120.28	1.81	0.47331560489119	3.83412922748684	1.260e-04	4.452e-03	2.35147581002555	PHGDH
101.64	1.81	0.325505986669872	5.57447502463813	2.483e-08	3.811e-06	5.41897065703595	SNCA
211.09	1.81	0.290566322439927	6.23782884284878	4.437e-10	1.162e-07	6.93488335748911	UBASH3A
35.22	1.8	0.492355959673865	3.65202175623329	2.602e-04	7.915e-03	2.10157283617808	KRT7
1374.88	1.79	0.42267012926513	4.24337932036832	2.202e-05	1.073e-03	2.96936369026954	PSAT1
64.62	1.78	0.426804955015292	4.1665433121717	3.093e-05	1.454e-03	2.83739282486734	SIRPG
44.97	1.77	0.519166396252907	3.40676879046765	6.574e-04	1.633e-02	1.78690835380023	CD276
666.89	1.76	0.195565563989747	9.02353448582716	1.821e-19	8.107e-16	15.0911604713361	ADAM19
50.66	1.72	0.425835986075635	4.0463568004975	5.202e-05	2.151e-03	2.66741309717479	BATF3
455.47	1.69	0.226881979540373	7.43291186465423	1.062e-13	9.458e-11	10.024221712556	NCF4
76.68	1.68	0.341929168362308	4.91484937306553	8.885e-07	8.183e-05	4.08709555630133	HK2
1142.17	1.68	0.52112682739233	3.21926213473863	1.285e-03	2.733e-02	1.56337438315169	DUSP4
955.38	1.66	0.184325381801672	8.9874906038714	2.529e-19	8.444e-16	15.0734321924432	AFAP1L2
51.61	1.64	0.496009851774421	3.30827541268355	9.387e-04	2.147e-02	1.66826335332062	CDH2
28.25	1.63	0.53243810829245	3.06094586876611	2.206e-03	4.053e-02	1.3921934457077	KCNN4
77.88	1.6	0.339750431985148	4.70280772966088	2.566e-06	1.981e-04	3.70316446522976	FRMD4B
31.25	1.59	0.534643578367418	2.97503781570233	2.930e-03	4.974e-02	1.30326169039143	LRP5
34.95	1.56	0.474183826779279	3.28791965808948	1.009e-03	2.261e-02	1.64561186853552	NEURL
576.16	1.55	0.211990496375969	7.32514765424781	2.386e-13	1.770e-10	9.75192549903261	IER3
39.38	1.54	0.476249860897235	3.24005207204251	1.195e-03	2.599e-02	1.58516048185904	EPHA1
2071.09	1.5	0.406806369011815	3.69010951570777	2.242e-04	7.043e-03	2.15222422742505	SLC7A5
242.13	1.49	0.263725647921869	5.66139650993297	1.501e-08	2.747e-06	5.56119758854836	CBS
506.06	1.49	0.487413978845037	3.06108223989785	2.205e-03	4.053e-02	1.3921934457077	CYP1B1
91.21	1.49	0.358675781229974	4.14772517350324	3.358e-05	1.552e-03	2.80921205740892	MB
290.43	1.47	0.25703906237916	5.7349203406535	9.756e-09	1.888e-06	5.72397399730163	HVCN1
197.47	1.47	0.251650418916549	5.83479579281007	5.386e-09	1.124e-06	5.94933058998468	JAKMIP1
214.33	1.45	0.257848816549603	5.62927510270598	1.810e-08	3.021e-06	5.51987547556902	GNA15
111.43	1.44	0.349522148312265	4.13011889539454	3.626e-05	1.643e-03	2.78423962167269	TOX2
66.98	1.44	0.37964018699061	3.80041842963141	1.445e-04	4.946e-03	2.30577404304972	NTRK1
12443.38	1.43	0.397610889537526	3.58455030300305	3.377e-04	9.781e-03	2.00961060020267	COTL1
257.57	1.42	0.245728460401869	5.77778088711889	7.569e-09	1.509e-06	5.82141177812408	RPL22L1
558.66	1.4	0.175796101201028	7.95354408040561	1.813e-15	2.503e-12	11.6016136967894	DPP4
89.62	1.37	0.321900359340927	4.24442382525918	2.192e-05	1.073e-03	2.96936369026954	SPRY1
113.86	1.35	0.299518383324363	4.50858028497247	6.526e-06	4.358e-04	3.36075243821514	MTHFD1L
128.3	1.34	0.298513126718598	4.49040936925412	7.109e-06	4.676e-04	3.33009803701477	CSF1
3759.07	1.34	0.177477874141835	7.5288618656083	5.118e-14	5.258e-11	10.2791935531258	MTHFD2
256.26	1.34	0.22177644667579	6.02410524616327	1.700e-09	4.123e-07	6.38481128036969	DBN1
153	1.33	0.321141702898346	4.13011757057216	3.626e-05	1.643e-03	2.78423962167269	RUNX2
63.14	1.31	0.370641028947308	3.53097151823781	4.140e-04	1.153e-02	1.93811244070974	CLCN5
433.14	1.3	0.190796761659204	6.83494249149213	8.204e-12	4.565e-09	8.34058516446224	LST1
166.9	1.3	0.288205658490051	4.5240835393313	6.066e-06	4.112e-04	3.38596845747143	NME1-NME2
127.18	1.3	0.278149831709684	4.67363854312759	2.959e-06	2.182e-04	3.66106438178416	CEACAM1
311.54	1.29	0.205630977877908	6.2958105257444	3.058e-10	8.689e-08	7.06105224203615	FABP5
84.92	1.28	0.352416665232926	3.64156560838243	2.710e-04	8.187e-03	2.0868655752113	PERP
208.36	1.27	0.286344244213814	4.42479004279933	9.654e-06	5.968e-04	3.22415251948795	CHAC1
6317.05	1.26	0.189456640867291	6.63255816313606	3.299e-11	1.385e-08	7.85860053393546	SLC1A5
49.71	1.22	0.40710488166178	3.00292493533914	2.674e-03	4.668e-02	1.33089129556598	DOHH
112.39	1.21	0.330622936193219	3.66834434359213	2.441e-04	7.529e-03	2.1232620461369	BIVM-ERCC5
4656.49	1.21	0.154189534566817	7.85087568914775	4.131e-15	4.598e-12	11.3374701981522	WARS
89.29	1.2	0.398927671461518	3.01925716751832	2.534e-03	4.466e-02	1.35009106954574	RCAN3
1680.93	1.2	0.15097370532967	7.94940971086464	1.874e-15	2.503e-12	11.6016136967894	SFXN1
486.78	1.2	0.199298848876819	6.02028258882917	1.741e-09	4.123e-07	6.38481128036969	SLC27A2
70.7	1.19	0.372426837692085	3.2076479525246	1.338e-03	2.819e-02	1.5499482472039	QPCT
446.99	1.19	0.248689797915892	4.79657369736948	1.614e-06	1.330e-04	3.87599313871705	ASNS
2002.98	1.19	0.182160548130841	6.53826023470215	6.224e-11	2.221e-08	7.65346525706727	GARS
110.39	1.19	0.329073855746663	3.603783586327	3.136e-04	9.266e-03	2.03312578299963	B3GALNT1
158.45	1.18	0.282970858650154	4.1809372659505	2.903e-05	1.380e-03	2.86011507877173	P4HA2
686.3	1.18	0.174648689761824	6.77133001850651	1.276e-11	6.311e-09	8.19988870325303	PCK2
117.55	1.18	0.317083790903862	3.71152511184964	2.060e-04	6.535e-03	2.18477351525766	CARD9
430.31	1.17	0.18281588379076	6.41131167980109	1.443e-10	4.379e-08	7.35865655249313	MYC
119.76	1.17	0.288383169705437	4.0471190885493	5.185e-05	2.151e-03	2.66741309717479	MCOLN2
100.53	1.15	0.346721529166578	3.31672481820415	9.108e-04	2.097e-02	1.67839705041252	SPNS3
69.21	1.14	0.383177710323892	2.98372430684181	2.848e-03	4.888e-02	1.31088432062882	NELL2
4283.76	1.14	0.375000534160176	3.03623943257225	2.395e-03	4.300e-02	1.36656709765995	SLC3A2
61.33	1.12	0.370714794038735	3.02854025838396	2.457e-03	4.375e-02	1.35897698383429	BMI1
330.02	1.12	0.226670247097449	4.94724368605439	7.527e-07	7.232e-05	4.14077158169019	FUT8
7925.78	1.12	0.183515523594975	6.09431671965505	1.099e-09	2.769e-07	6.5576436040326	SHMT2
103.74	1.11	0.319847682291218	3.4779633007931	5.052e-04	1.328e-02	1.87675539349208	CPOX
1089.7	1.11	0.170094321481963	6.5060465980111	7.715e-11	2.576e-08	7.5890884712608	NME1
155.47	1.1	0.274132609465118	4.0185105897419	5.857e-05	2.377e-03	2.62393023159921	KCNK5
690	1.08	0.225507669409708	4.79002916877968	1.668e-06	1.358e-04	3.86714821897715	GOT1
373.56	1.08	0.197108764672578	5.47600575500377	4.350e-08	6.247e-06	5.20434882965764	IPO4
2240.96	1.08	0.190696579270299	5.63986466586173	1.702e-08	2.985e-06	5.52502376743803	C17orf76-AS1
94.1	1.07	0.309722263761936	3.46792693004114	5.245e-04	1.365e-02	1.86476887878707	EDARADD
676.53	1.07	0.215037201115664	4.9801162603158	6.355e-07	6.240e-05	4.20483872379144	EIF4EBP1
187.37	1.06	0.274454410953101	3.87312546743321	1.074e-04	3.920e-03	2.40666945245456	SLC25A19
135.45	1.05	0.269864550518023	3.9073495736604	9.331e-05	3.491e-03	2.45710957182658	HIST1H3J
2850.48	1.04	0.140127073526072	7.44241601180097	9.886e-14	9.430e-11	10.025494681629	HSPD1
86.46	1.04	0.331227388534361	3.13687886468774	1.708e-03	3.393e-02	1.4693802470986	TREML2
173.62	1.04	0.260486629278082	3.97787862536917	6.953e-05	2.780e-03	2.55594508070293	IFNG
287.19	1.03	0.22265464564815	4.6374418004312	3.527e-06	2.546e-04	3.59409593123297	LEF1
94.05	1.01	0.31524121638952	3.21968563939595	1.283e-03	2.733e-02	1.56337438315169	FHL1
103.97	1.01	0.308641500433388	3.28802961504643	1.009e-03	2.261e-02	1.64561186853552	C17orf51
2679.89	1	0.17737822546756	5.64436791739284	1.658e-08	2.985e-06	5.52502376743803	MARS
132.34	1	0.283010205249921	3.53222773835851	4.121e-04	1.151e-02	1.93884098511436	SRM
117.22	1	0.281946407303975	3.5415413631677	3.978e-04	1.116e-02	1.95233464142129	IRF4
247.71	0.99	0.229665125442851	4.32813920129203	1.504e-05	8.032e-04	3.09515466542476	HDGFRP3
120.39	0.99	0.284458568218392	3.48321419295372	4.954e-04	1.322e-02	1.87876635768068	CMSS1
1383.89	0.98	0.208440321825538	4.72282989317065	2.326e-06	1.806e-04	3.74333465951579	CXCR3
135.91	0.98	0.284989969735845	3.45351791831851	5.533e-04	1.426e-02	1.84573766897514	LOC100128420
122.97	0.98	0.319799614454055	3.05814452114057	2.227e-03	4.074e-02	1.38996759842279	FZD6
595.89	0.98	0.174502907607255	5.5912931230638	2.254e-08	3.583e-06	5.44574344614967	C3orf37
181.29	0.97	0.301755871905357	3.2278728899601	1.247e-03	2.679e-02	1.57209247746319	PSPH
3519.22	0.97	0.158609453276751	6.13158164362149	8.701e-10	2.234e-07	6.65082448624982	NME2
150.44	0.97	0.267373541253937	3.62885825364315	2.847e-04	8.486e-03	2.07131351704182	CDH17
331.53	0.97	0.196630511484861	4.93326285633434	8.087e-07	7.576e-05	4.12053646304169	SLC17A9
926.32	0.97	0.155152092542779	6.2504613875235	4.092e-10	1.093e-07	6.96137853632358	BDH1
452.05	0.97	0.206909399892261	4.67334634978904	2.963e-06	2.182e-04	3.66106438178416	OSM
125.65	0.96	0.304382547557542	3.13858534004107	1.698e-03	3.379e-02	1.47126172870849	PPP1R16A
996.34	0.96	0.158698493420756	6.01855998917628	1.760e-09	4.123e-07	6.38481128036969	MRPL12
176156.25	0.95	0.138236611354452	6.90231919709558	5.116e-12	3.253e-09	8.48767469919412	GAPDH
2857.04	0.95	0.186076842121402	5.11494452811566	3.138e-07	3.383e-05	4.4706689372085	ATF4
183.39	0.95	0.273976981504008	3.47212001920861	5.164e-04	1.355e-02	1.86814925156275	ACTN1
413.31	0.94	0.188036502477238	5.00238196470191	5.663e-07	5.686e-05	4.24522244172303	CSF2
824.75	0.94	0.189452676572595	4.94272281972897	7.704e-07	7.296e-05	4.13689723295273	PPP1R15A
983.64	0.93	0.198551328843232	4.68492003061967	2.801e-06	2.137e-04	3.67016123197364	WNT11
1738.27	0.92	0.180329447592898	5.11580726257175	3.124e-07	3.383e-05	4.4706689372085	TXN
120.21	0.92	0.301267989869294	3.05624994848892	2.241e-03	4.092e-02	1.38810919547679	GALM
353.23	0.92	0.222099565737653	4.14108008946597	3.457e-05	1.592e-03	2.79811962567649	PFKFB3
1361.45	0.91	0.187797483685016	4.86755283092286	1.130e-06	9.862e-05	4.00604530705237	PGD
18376.29	0.91	0.187379913003106	4.86808784743754	1.127e-06	9.862e-05	4.00604530705237	FTH1
3167.32	0.91	0.186851651613926	4.87556608540647	1.085e-06	9.595e-05	4.01794838392392	SARS
113.38	0.91	0.299956395054658	3.03073399154547	2.440e-03	4.350e-02	1.36155168911793	HEATR2
7450.94	0.9	0.138264144428861	6.53508329364901	6.357e-11	2.221e-08	7.65346525706727	LDHB
610.04	0.9	0.172825792060118	5.22595369755162	1.733e-07	2.084e-05	4.68101400702405	PECAM1
688	0.9	0.188295456236564	4.79517035359753	1.625e-06	1.332e-04	3.87562493778511	PAICS
973.54	0.9	0.171786746862437	5.24222771028253	1.586e-07	1.944e-05	4.71137666570084	TFRC
1323.1	0.9	0.165459427373174	5.42767712667989	5.709e-08	7.780e-06	5.10903794034029	CYTIP
224.76	0.9	0.220322051389647	4.07221623815776	4.657e-05	1.996e-03	2.69985820822573	DUSP2
836.62	0.9	0.208865616289056	4.28740499368714	1.808e-05	9.393e-04	3.02718930959474	GPX1
412.72	0.89	0.190783846355173	4.68091998111396	2.856e-06	2.155e-04	3.66661828420875	MRPL24
432.92	0.89	0.196394134972379	4.54642800470417	5.456e-06	3.756e-04	3.4252839789571	PRMT5
125.42	0.89	0.275018094369614	3.24387552973369	1.179e-03	2.585e-02	1.58754398027418	PEMT
2499.48	0.89	0.155364173348825	5.73035420700143	1.002e-08	1.912e-06	5.71852735112798	CDC20
329.68	0.89	0.216255672022872	4.10730283157611	4.003e-05	1.788e-03	2.74766745718593	HSPBP1
11318.41	0.88	0.137514133151351	6.41912374724272	1.371e-10	4.358e-08	7.36072413838224	RAN
83042.9	0.88	0.164445959174242	5.35399011802983	8.604e-08	1.149e-05	4.93971063420786	VIM
155.34	0.87	0.25304014822251	3.4457313472791	5.695e-04	1.463e-02	1.83488585685125	SLC12A8
3865.41	0.87	0.162701460851105	5.34552486227195	9.016e-08	1.192e-05	4.92371815475462	LSM4
1528.68	0.87	0.153924595965325	5.63574928374723	1.743e-08	2.985e-06	5.52502376743803	DPYSL2
1769.28	0.87	0.153097513457347	5.66587495316983	1.463e-08	2.713e-06	5.56654752631611	IARS
235.01	0.87	0.270074608865963	3.20964300546593	1.329e-03	2.804e-02	1.55226762195237	LILRP2
1027.33	0.86	0.184723164269782	4.68263948938324	2.832e-06	2.149e-04	3.6678013889254	LIF
168.45	0.86	0.242270642913506	3.56050486117959	3.701e-04	1.054e-02	1.97719256561722	DPF3
357.17	0.86	0.188912440345054	4.52876798756463	5.933e-06	4.042e-04	3.39338059662445	SLC5A6
1773.85	0.85	0.163756298069254	5.21527851649283	1.835e-07	2.188e-05	4.65987297261723	PRDX1
691.71	0.85	0.168159250903402	5.06871648631753	4.005e-07	4.152e-05	4.38178793091531	MRPL41
118.71	0.85	0.280888167876422	3.03114468692039	2.436e-03	4.350e-02	1.36155168911793	KIR3DX1
245.55	0.85	0.250609366418261	3.39659907004908	6.823e-04	1.666e-02	1.77826227497365	KDELC1
282.64	0.85	0.210079953162732	4.05095872243797	5.101e-05	2.142e-03	2.6691756980827	SLC19A1
345.21	0.85	0.196572231163584	4.32133015399446	1.551e-05	8.219e-04	3.08520142483263	CCDC50
809.47	0.84	0.159929006413614	5.27197269303481	1.350e-07	1.716e-05	4.76535624569647	PPA1
16317.98	0.84	0.139632443380241	6.00099951086192	1.961e-09	4.515e-07	6.34532445197559	NPM1
1256.51	0.84	0.14847524150437	5.63348829478706	1.766e-08	2.985e-06	5.52502376743803	MT2A
2002.95	0.83	0.168814578204869	4.94445004909649	7.636e-07	7.284e-05	4.13765576777127	TNF
1234.25	0.83	0.164354409929673	5.07414671082402	3.892e-07	4.093e-05	4.38797637246915	NHP2
1081.9	0.83	0.159794755573297	5.20283958151963	1.963e-07	2.259e-05	4.64600092868481	AHCY
364	0.83	0.193991123777578	4.28318018425337	1.842e-05	9.536e-04	3.02062240426517	ZAK
19240.32	0.83	0.127176121680034	6.53208194612576	6.486e-11	2.221e-08	7.65346525706727	LDHA
818.45	0.83	0.163079549448294	5.08150336037272	3.745e-07	3.969e-05	4.4013544503865	IL2RA
770.43	0.83	0.216181259966167	3.82983111888538	1.282e-04	4.483e-03	2.34845817554008	RBPJ
675.67	0.83	0.168589860438841	4.89602107354568	9.780e-07	8.728e-05	4.05908845745849	ATIC
960.05	0.82	0.161044829774053	5.09989058371719	3.398e-07	3.631e-05	4.4400115172321	BZW2
11904.71	0.82	0.12767794339044	6.41500289574085	1.408e-10	4.373e-08	7.35919217341578	HSP90AB1
3626.46	0.82	0.143871507217671	5.68464443228826	1.311e-08	2.466e-06	5.60809364799146	CD44
159.17	0.82	0.265428727688086	3.07819359825569	2.083e-03	3.895e-02	1.40948187150511	CBR3
325.79	0.81	0.227745198635872	3.57812129026486	3.461e-04	9.960e-03	2.00173907198422	AHRR
897.59	0.81	0.21466108176219	3.78109052880221	1.561e-04	5.226e-03	2.28183934554297	PLEC
384.86	0.81	0.244178165487157	3.31043284241386	9.315e-04	2.134e-02	1.67086592121107	PELO
449.68	0.8	0.183845064988305	4.37854295876713	1.195e-05	6.848e-04	3.1644660826179	NEK6
127.3	0.8	0.268673016812423	2.97488241907708	2.931e-03	4.974e-02	1.30326169039143	ABCC4
78057.29	0.8	0.136805036424206	5.84175128691041	5.165e-09	1.095e-06	5.96061776266192	ENO1
590.48	0.79	0.181702874393138	4.36287381392514	1.284e-05	7.202e-04	3.14251899282992	WDR54
235.01	0.79	0.23324029741012	3.38781528002931	7.045e-04	1.707e-02	1.76764878312455	PNMA1
514.49	0.78	0.178315193518533	4.346761167282	1.382e-05	7.562e-04	3.1213882135835	TSR1
9890.85	0.77	0.177930086124926	4.35473216441534	1.332e-05	7.382e-04	3.13180457723218	EIF1
217.71	0.77	0.245937566550374	3.1221856024019	1.795e-03	3.525e-02	1.45283725554444	TMEM14C
1217.01	0.77	0.150101716735279	5.11520660433512	3.134e-07	3.383e-05	4.4706689372085	HSPE1
1779.56	0.77	0.14060234958283	5.44633525941671	5.142e-08	7.152e-06	5.1455431554547	C1QBP
848.47	0.76	0.192595435534236	3.96896292362818	7.219e-05	2.878e-03	2.54097978843352	GEM
904.84	0.76	0.160469772867681	4.75877084610342	1.948e-06	1.539e-04	3.81274121213166	TRAP1
717.33	0.76	0.195520832914054	3.89214589116472	9.936e-05	3.696e-03	2.43226510036216	RGS10
832.71	0.76	0.157602019207737	4.80692761810325	1.533e-06	1.271e-04	3.8957645735316	XPOT
54443.56	0.76	0.151538817712475	4.99901184559863	5.762e-07	5.741e-05	4.24098889144471	RPLP0
2374.21	0.75	0.190459953128927	3.96244408189595	7.419e-05	2.922e-03	2.53426411084711	CLDND1
548.6	0.75	0.196200466463377	3.84457064073355	1.208e-04	4.300e-03	2.36648350468542	VARS
5940.5	0.75	0.142943142892079	5.25985681958475	1.442e-07	1.799e-05	4.74490469224078	HSPA9
288.98	0.75	0.229572636271682	3.2707773156772	1.073e-03	2.391e-02	1.62140872205567	PSMG1
160.97	0.75	0.244869625801336	3.06113678769238	2.205e-03	4.053e-02	1.3921934457077	PLXNB2
264.76	0.75	0.239436838810464	3.12739445397622	1.764e-03	3.479e-02	1.4585694961933	SLC35F2
233.29	0.75	0.247585880310675	3.01846202292702	2.541e-03	4.466e-02	1.35009106954574	RRP12
34308.23	0.75	0.138106501410937	5.4077060543824	6.384e-08	8.611e-06	5.06495080580794	RPL4
337.15	0.75	0.205325319314778	3.63101528666118	2.823e-04	8.434e-03	2.07397225723311	HMBS
1632.82	0.75	0.186829119273339	3.98804874551363	6.662e-05	2.672e-03	2.57323490070774	TSPO
285.04	0.74	0.210232187551135	3.54228109942734	3.967e-04	1.115e-02	1.95263918749242	CCDC109B
275	0.74	0.217971493467698	3.41435973805419	6.393e-04	1.602e-02	1.79539685452435	BCL2L11
383.06	0.74	0.18796580701857	3.95910442108277	7.523e-05	2.955e-03	2.52946874232705	MRTO4
31170.41	0.74	0.14270201758645	5.21104204315305	1.878e-07	2.219e-05	4.6538110607001	TPI1
455.1	0.74	0.184856786796427	4.02118362104793	5.791e-05	2.358e-03	2.62753558067392	SNRPE
209.11	0.74	0.228530122306849	3.25195512832082	1.146e-03	2.526e-02	1.59762314878333	NCDN
2692.52	0.74	0.142760556191327	5.20313406653419	1.960e-07	2.259e-05	4.64600092868481	TKT
5428.26	0.74	0.170622604273877	4.33656798934373	1.447e-05	7.806e-04	3.10759351336745	CRIP1
789.26	0.74	0.182744119769288	4.04780269141914	5.170e-05	2.151e-03	2.66741309717479	MRPL52
702	0.74	0.166013383314206	4.45192054392191	8.511e-06	5.311e-04	3.27484396008098	EBNA1BP2
1597.22	0.74	0.157663792185176	4.67666145266604	2.916e-06	2.182e-04	3.66106438178416	PEBP1
668.6	0.73	0.181201171099844	4.0532021162678	5.052e-05	2.128e-03	2.67197321889159	OCIAD2
329.05	0.73	0.230970977749169	3.17381986203586	1.504e-03	3.081e-02	1.51125260264299	TM6SF1
5404.24	0.73	0.13860650890971	5.27333113819802	1.340e-07	1.716e-05	4.76535624569647	KPNA2
831.44	0.73	0.159869564497652	4.56226743988535	5.060e-06	3.538e-04	3.4512360208827	TRIP13
226.39	0.73	0.220227055899127	3.31186558223732	9.268e-04	2.126e-02	1.67234403472724	SNHG15
452.42	0.73	0.188145145607884	3.86308004424939	1.120e-04	4.041e-03	2.39350302727999	MED8
2074.38	0.72	0.160883450830325	4.49240281692991	7.042e-06	4.656e-04	3.3320189511627	CD82
19550.75	0.72	0.152891115271502	4.70047746036752	2.596e-06	1.992e-04	3.70071030917826	H2AFZ
2120.27	0.71	0.13898264193814	5.14057191293487	2.739e-07	3.048e-05	4.51597234822535	ZFP36L1
1750.55	0.71	0.14816020363144	4.81415969458269	1.478e-06	1.234e-04	3.90877374681422	C19orf48
1675.7	0.71	0.147461252737176	4.82360249722282	1.410e-06	1.184e-04	3.92660279301885	YWHAE
608.3	0.71	0.23158071656482	3.0692129743068	2.146e-03	3.970e-02	1.40124849349524	LONP1
1736.17	0.71	0.163591362093615	4.33621139816883	1.450e-05	7.806e-04	3.10759351336745	MRPS34
424.76	0.7	0.198973209236965	3.54264801878871	3.961e-04	1.115e-02	1.95263918749242	CXCR6
905.47	0.7	0.156560189114738	4.4956369381948	6.936e-06	4.608e-04	3.3364630703376	MRPL3
289.87	0.7	0.200852649956212	3.50343117988833	4.593e-04	1.250e-02	1.90294784541616	TRMT61A
1930.71	0.7	0.156631605830936	4.47615597525361	7.600e-06	4.927e-04	3.30744813199817	CCNB1
813.25	0.7	0.185760840517181	3.76898465769782	1.639e-04	5.418e-03	2.26615669655122	PDLIM7
2009.29	0.7	0.156277771989764	4.47816291699699	7.529e-06	4.904e-04	3.30941594332978	PHB2
9319.72	0.7	0.156339877318752	4.460619830039	8.172e-06	5.247e-04	3.28010793596709	MIF
380.42	0.69	0.197216020371112	3.51804301377729	4.347e-04	1.197e-02	1.92189887917108	ACAT1
312.42	0.69	0.208935738898315	3.31951094004632	9.018e-04	2.080e-02	1.68197973382499	RRS1
992.27	0.69	0.186144490627674	3.71815849752787	2.007e-04	6.415e-03	2.19281122652642	CLPP
31050.85	0.69	0.142407282917696	4.85404745228282	1.210e-06	1.036e-04	3.9848471397565	ALDOA
275.35	0.69	0.228729625019498	3.01751517563103	2.549e-03	4.472e-02	1.34947794506265	AHI1
979.47	0.69	0.161095658527892	4.28074009610665	1.863e-05	9.604e-04	3.01753894704222	SAMSN1
447.69	0.68	0.180019822450075	3.76616739402304	1.658e-04	5.453e-03	2.26340172923176	DALRD3
9412.11	0.68	0.166968549974203	4.0595345183713	4.917e-05	2.078e-03	2.6823698589651	RPL12
241.05	0.68	0.220544928250649	3.07268550068523	2.121e-03	3.951e-02	1.40328125608841	NOP16
1221.73	0.68	0.152104808570886	4.45255125021101	8.486e-06	5.311e-04	3.27484396008098	CREM
9211.22	0.68	0.172207944873836	3.93125324390879	8.450e-05	3.241e-03	2.48931411483259	RPL36
270.1	0.67	0.204302865048558	3.29208028726037	9.945e-04	2.236e-02	1.65057370773816	PPIL1
1571.49	0.67	0.17099426487115	3.91745313720358	8.949e-05	3.376e-03	2.47162012146501	MAPKAPK3
424.14	0.67	0.196423499820304	3.40045701021734	6.727e-04	1.654e-02	1.78134564024972	CDKN3
308.67	0.67	0.218877916682602	3.04884587162218	2.297e-03	4.174e-02	1.37947279906357	NANS
4040.03	0.67	0.156989559633789	4.24907928460005	2.147e-05	1.068e-03	2.97123738662913	TALDO1
21640.83	0.67	0.168700289457692	3.94853723574451	7.863e-05	3.061e-03	2.51409344093365	RPS18
432.96	0.66	0.180405433225665	3.6696170998439	2.429e-04	7.509e-03	2.12441974812839	MRPS2
540.79	0.66	0.173560320116883	3.8140443707376	1.367e-04	4.730e-03	2.32517277031257	NOB1
12816.17	0.66	0.136056315344956	4.86464453468354	1.147e-06	9.943e-05	4.00248721688983	EEF2
332.54	0.66	0.22051185069018	2.99215832973613	2.770e-03	4.779e-02	1.32063013707399	DTD1
646.01	0.66	0.170180113974767	3.86799428240248	1.097e-04	3.982e-03	2.39989429739562	EIF1AX
471.48	0.66	0.211445232850624	3.10578901472173	1.898e-03	3.662e-02	1.43626243363478	SERPINE2
2786.87	0.66	0.154474743717802	4.24808424146775	2.156e-05	1.068e-03	2.97123738662913	CYC1
383.88	0.65	0.197806102975423	3.30732026937401	9.419e-04	2.150e-02	1.66752524673264	SNHG3
1181.95	0.65	0.147495242323658	4.40178087288749	1.074e-05	6.487e-04	3.18797259009682	POLD2
3619.72	0.65	0.182592826626324	3.54631333328961	3.907e-04	1.103e-02	1.95744926430162	FLOT1
1488.96	0.65	0.159887142104353	4.04655082941179	5.198e-05	2.151e-03	2.66741309717479	PFKP
377.77	0.65	0.21720751164461	2.97443310769102	2.935e-03	4.974e-02	1.30326169039143	NOL7
725.98	0.65	0.164106194570327	3.93068773711589	8.470e-05	3.241e-03	2.48931411483259	GRWD1
644.76	0.64	0.174885480892759	3.68355180087423	2.300e-04	7.160e-03	2.14510577995859	TEX30
15878.94	0.64	0.144345989792266	4.45881061138439	8.242e-06	5.266e-04	3.27852496024448	EIF4A1
1918.21	0.64	0.145479060617612	4.41942858541828	9.896e-06	6.034e-04	3.21936332966226	PLK1
268.69	0.64	0.20913758230971	3.07367274080496	2.114e-03	3.944e-02	1.40411195843796	GNB4
687.07	0.64	0.182984040648544	3.50810643116461	4.513e-04	1.232e-02	1.90922401513859	MRPS15
364.25	0.64	0.191339720884827	3.34898632606626	8.111e-04	1.897e-02	1.7219621227951	RNF126
1220.05	0.64	0.16148980823796	3.96629164037795	7.300e-05	2.897e-03	2.53806535345225	MRPL37
323.79	0.64	0.196692911988889	3.23845327109347	1.202e-03	2.605e-02	1.58413820172879	MYBBP1A
1393.62	0.63	0.186475516913378	3.40074140835526	6.720e-04	1.654e-02	1.78134564024972	UPP1
1790.09	0.63	0.153640144647548	4.12232990373197	3.751e-05	1.686e-03	2.77304486078328	KIR2DL4
529.75	0.63	0.192317776245282	3.29287054579261	9.917e-04	2.233e-02	1.65106246430387	SMIM3
627.46	0.63	0.165459451100355	3.81882831996038	1.341e-04	4.663e-03	2.33133305850047	DDX21
4866.03	0.63	0.159302911317474	3.96523732578081	7.332e-05	2.897e-03	2.53806535345225	PRELID1
2457.74	0.63	0.138347473263568	4.54904459019421	5.389e-06	3.729e-04	3.42843755782317	TCP1
409.89	0.63	0.187965414874202	3.33716954578883	8.464e-04	1.966e-02	1.70649979810607	DPAGT1
268.47	0.63	0.205847940673696	3.04277060656387	2.344e-03	4.247e-02	1.37187822136651	PVR
509.52	0.62	0.17238213331083	3.62066762969563	2.938e-04	8.720e-03	2.05948461387039	MRPL4
316.38	0.62	0.199548051390708	3.12658980522455	1.768e-03	3.483e-02	1.45802189456391	STAP1
1719.23	0.62	0.152644476193579	4.08567214013247	4.395e-05	1.913e-03	2.71834657693121	RANBP1
414.13	0.62	0.191887195927697	3.24295524479632	1.183e-03	2.585e-02	1.58745687050329	ABCE1
2942.44	0.62	0.137273623206158	4.51456520397024	6.345e-06	4.258e-04	3.37083198346069	STIP1
12737.71	0.62	0.141373087656071	4.37157916810966	1.234e-05	7.009e-04	3.15431343915442	RRM2
551.29	0.62	0.170157690846526	3.62512154983923	2.888e-04	8.590e-03	2.06599932395588	ARHGAP11A
583.62	0.62	0.190117292105852	3.23712479647276	1.207e-03	2.613e-02	1.58282047057938	SHFM1
585.6	0.61	0.168990045895867	3.63589471569658	2.770e-04	8.294e-03	2.08121633753073	FAM136A
1552.05	0.61	0.152212401348289	4.02986330958424	5.581e-05	2.286e-03	2.64089967902169	CCNA2
635.6	0.61	0.178826469716581	3.42926438699511	6.052e-04	1.537e-02	1.81346134756925	C16orf13
1665.03	0.61	0.179756257280043	3.40383045406344	6.645e-04	1.640e-02	1.78510408337954	AARS
281.71	0.61	0.204117207360204	2.99450445366395	2.749e-03	4.761e-02	1.32228241759196	RRP1
1038.43	0.61	0.164220914547591	3.71784618343268	2.009e-04	6.415e-03	2.19281122652642	TUBG1
405.92	0.61	0.186270818501086	3.26801558954567	1.083e-03	2.410e-02	1.61789377838802	TRMT1
849.85	0.61	0.158514584314203	3.83954895068596	1.233e-04	4.378e-03	2.35875236224587	CBR1
815.9	0.61	0.191124534648737	3.18151440565921	1.465e-03	3.019e-02	1.52010455738729	EIF2S2
522.44	0.61	0.194043074460926	3.13284282565072	1.731e-03	3.430e-02	1.46469596132227	C12orf57
364.57	0.61	0.187199979788656	3.24005243774127	1.195e-03	2.599e-02	1.58516048185904	PFAS
15120.78	0.61	0.130150289214703	4.65585005848301	3.226e-06	2.354e-04	3.62811250154255	PKM
318.05	0.6	0.196104191717022	3.08243961438352	2.053e-03	3.851e-02	1.41445559703926	WDFY2
7560.65	0.6	0.135031698969527	4.45726030823462	8.301e-06	5.279e-04	3.27745775560843	GPI
977.52	0.6	0.154853174842434	3.86724360556401	1.101e-04	3.983e-03	2.39973632601158	NOP58
513.28	0.6	0.19044402388693	3.1429863148069	1.672e-03	3.338e-02	1.47649105517276	TMEM14B
1233.04	0.6	0.16178169316878	3.6931222177916	2.215e-04	6.977e-03	2.15634645511195	HM13
27136.73	0.6	0.161157114782855	3.69900956593577	2.164e-04	6.833e-03	2.16538656594577	RPL8
11977.88	0.6	0.161356046354351	3.68885664696638	2.253e-04	7.044e-03	2.15216675160068	RPL10A
3297.31	0.59	0.171447169777332	3.46856029107233	5.233e-04	1.365e-02	1.86480011885299	SRSF2
1810.1	0.59	0.16525076206239	3.59817342455299	3.205e-04	9.411e-03	2.02634272650238	TARS
6682.32	0.59	0.146365850664038	4.06230141843485	4.859e-05	2.060e-03	2.68614085344005	RPL5
1596.81	0.59	0.184717348711283	3.20182163249365	1.366e-03	2.858e-02	1.54393541008837	MRPS6
1056.19	0.59	0.155751251155923	3.7967800505708	1.466e-04	4.968e-03	2.30378719293812	EPRS
3870.28	0.59	0.139224539706363	4.24542532112593	2.182e-05	1.073e-03	2.96936369026954	CCT5
56921.69	0.59	0.151254164015942	3.90453339016997	9.441e-05	3.522e-03	2.45326581219602	RPL41
27372.05	0.59	0.170969017847118	3.45187707579144	5.567e-04	1.432e-02	1.84393376261165	GNB2L1
7447.19	0.59	0.138341976475148	4.25961008543648	2.048e-05	1.032e-03	2.98633885757294	EIF3C
972.38	0.59	0.174043978857763	3.37993743890491	7.250e-04	1.732e-02	1.76144846677495	CCR1
4808.23	0.59	0.13485221653512	4.3475393713426	1.377e-05	7.562e-04	3.1213882135835	SERBP1
497.5	0.59	0.183044810848874	3.20140446200284	1.368e-03	2.858e-02	1.54393541008837	GALE
1789.09	0.59	0.154716511510218	3.78140276862148	1.559e-04	5.226e-03	2.28183934554297	PHB
7284.24	0.58	0.189207061746551	3.08867078601003	2.011e-03	3.803e-02	1.4198804026469	S100A11
578.38	0.58	0.17264375776048	3.3831142846554	7.167e-04	1.721e-02	1.76413327634607	TIMM13
2353.27	0.58	0.148746041063708	3.92053923346866	8.835e-05	3.342e-03	2.47595161812619	TNFSF10
651.49	0.58	0.179844207850845	3.23871099659617	1.201e-03	2.605e-02	1.58413820172879	CDC6
1144	0.58	0.187967741674019	3.09870787946819	1.944e-03	3.713e-02	1.43024425489078	TXNRD1
32623.2	0.58	0.147660436556954	3.9275581282923	8.581e-05	3.265e-03	2.48614425427161	SH3BGRL3
1835.03	0.58	0.151445981862522	3.81689222957053	1.351e-04	4.688e-03	2.32905527603987	CD2
1563.01	0.58	0.155471804896184	3.71185523888668	2.057e-04	6.535e-03	2.18477351525766	IMPDH2
1684.94	0.58	0.152785984366168	3.77624429779246	1.592e-04	5.302e-03	2.27556036028613	MTHFD1
1044.54	0.58	0.15804065382631	3.64768213462489	2.646e-04	8.013e-03	2.09620993038325	CARS
22001.59	0.57	0.133827608663369	4.28984639650411	1.788e-05	9.327e-04	3.03026900438392	TPM3
3196.39	0.57	0.146343912584875	3.91469449156341	9.052e-05	3.405e-03	2.46787844184598	TUBA1C
951.51	0.57	0.166310215540786	3.44306211486137	5.752e-04	1.474e-02	1.83143224513565	GOT2
1792.73	0.57	0.176751186133501	3.22513242415919	1.259e-03	2.695e-02	1.56949777646911	KLRC1
12969.56	0.57	0.167797274456051	3.39650731774343	6.825e-04	1.666e-02	1.77826227497365	RPL32
3156.27	0.57	0.136678406730404	4.1654435312143	3.107e-05	1.456e-03	2.83682537615886	CCT3
7184.67	0.57	0.135053655819448	4.1926054631957	2.758e-05	1.320e-03	2.87934578857301	CNBP
734.61	0.56	0.163599748976438	3.43782861752801	5.864e-04	1.494e-02	1.82552690847966	RCBTB2
615.88	0.56	0.172640115775189	3.24389014447391	1.179e-03	2.585e-02	1.58754398027418	FASN
1762.76	0.56	0.160788730545696	3.48185396224691	4.980e-04	1.322e-02	1.87876635768068	ATP5D
1314.74	0.56	0.158261333092322	3.51883580191524	4.334e-04	1.196e-02	1.92230010807708	HIF1A
6584.56	0.55	0.144778583628704	3.83051871607067	1.279e-04	4.482e-03	2.34853337077917	EEF1B2
1002.62	0.55	0.157301422570509	3.52130204045866	4.294e-04	1.190e-02	1.92454007809294	MRPL16
490.51	0.55	0.17327231267712	3.1939380795128	1.403e-03	2.910e-02	1.53607378496513	GEMIN4
1106.53	0.55	0.157439660660163	3.51031448511728	4.476e-04	1.227e-02	1.9110498279912	PNPLA6
1055.03	0.55	0.154039116428044	3.57965012866161	3.441e-04	9.923e-03	2.00334232226689	SYNCRIP
1056.38	0.55	0.158216447474331	3.48479420984435	4.925e-04	1.321e-02	1.87919791433795	MRPS7
9225.79	0.55	0.14016269162641	3.92836523275027	8.553e-05	3.263e-03	2.48636229028995	ANXA2
555.72	0.55	0.171801565319682	3.19837563285795	1.382e-03	2.879e-02	1.5407256342527	LARS
5671.34	0.55	0.150603726547018	3.64089165664571	2.717e-04	8.190e-03	2.08670997407495	EIF5A
33033.08	0.55	0.133559496282622	4.10326933701078	4.074e-05	1.807e-03	2.74298467074201	HSPA8
5364.75	0.55	0.130816258060053	4.17659953607567	2.959e-05	1.401e-03	2.85349380763429	EIF4G2
877.53	0.54	0.162551521510322	3.34964334216578	8.092e-04	1.896e-02	1.72223081643953	CSE1L
8074.44	0.54	0.137089720080433	3.96527101555337	7.331e-05	2.897e-03	2.53806535345225	PTPN7
999.8	0.54	0.155192660174791	3.47948114407679	5.024e-04	1.326e-02	1.87750185721947	RSL1D1
16725.11	0.54	0.150384808446411	3.58611352155931	3.356e-04	9.744e-03	2.01126900603622	RPS8
961.5	0.54	0.154041128609879	3.4949720832897	4.741e-04	1.275e-02	1.89459019955919	DDX39B
7178.38	0.54	0.142395929254286	3.78029446641329	1.566e-04	5.230e-03	2.2815376680319	SLC25A3
560.98	0.54	0.172264378872647	3.11881822953215	1.816e-03	3.535e-02	1.45157516506374	EXOSC8
1842.06	0.54	0.157705393358899	3.4049085286144	6.619e-04	1.637e-02	1.78601481234402	HDLBP
11053.72	0.53	0.168715175074181	3.16781938774676	1.536e-03	3.141e-02	1.50294762348377	RPS5
970.89	0.53	0.152388369972555	3.50259884607318	4.607e-04	1.251e-02	1.90289517918546	APEX1
1906.45	0.53	0.149550292419909	3.56288308956277	3.668e-04	1.051e-02	1.97834040811742	CACYBP
1141.09	0.53	0.161008715582704	3.30611554766436	9.460e-04	2.156e-02	1.66639938400088	DCTPP1
2117.69	0.53	0.16498170543496	3.22381708765276	1.265e-03	2.703e-02	1.56819814046293	UBE2C
1356.92	0.53	0.151900401233385	3.49584957228008	4.726e-04	1.275e-02	1.89459019955919	CASP3
718.04	0.53	0.170033780310507	3.11876768986681	1.816e-03	3.535e-02	1.45157516506374	CRTAM
5220.2	0.53	0.14519425188053	3.64785798733871	2.644e-04	8.013e-03	2.09620993038325	XCL2
1396.96	0.53	0.144837800558723	3.65587178048067	2.563e-04	7.815e-03	2.10709812216307	PTP4A1
919.42	0.53	0.169637252774463	3.12138608888817	1.800e-03	3.525e-02	1.45283725554444	HSD17B10
861.06	0.53	0.161105774817177	3.28101878419861	1.034e-03	2.314e-02	1.63570444456839	NOLC1
505.98	0.52	0.175568957770588	2.97904898247867	2.891e-03	4.944e-02	1.30592464810582	PSMB5
9572.4	0.52	0.133293164869769	3.92349883234745	8.727e-05	3.311e-03	2.48005542439593	SLC25A5
9835.94	0.52	0.135396025031191	3.86010836409488	1.133e-04	4.080e-03	2.38939177177489	PGK1
3914.89	0.52	0.134345770267856	3.88623100320786	1.018e-04	3.766e-03	2.42409418070485	VDAC1
949.2	0.52	0.153974717412445	3.38601730838407	7.091e-04	1.712e-02	1.76637619901055	IFRD2
1547.95	0.52	0.150096398497852	3.46847058195617	5.234e-04	1.365e-02	1.86480011885299	C14orf166
818.59	0.52	0.170886157033902	3.03867929896461	2.376e-03	4.282e-02	1.36832812402371	NDUFV2
1317.36	0.52	0.158322197367131	3.26438542767444	1.097e-03	2.433e-02	1.61377128267868	FARSA
10836.91	0.52	0.165562608384446	3.1108491735947	1.866e-03	3.610e-02	1.44244200753451	RPL35
1005.67	0.51	0.156793442614321	3.27937323292815	1.040e-03	2.323e-02	1.63389806856481	NOC2L
29595.6	0.51	0.150446726617109	3.40648339168557	6.581e-04	1.633e-02	1.78690835380023	EEF1G
13581.96	0.51	0.155270551560607	3.29833047499539	9.726e-04	2.209e-02	1.65582458942099	RPL7
10132.56	0.51	0.1638003502106	3.12011225515994	1.808e-03	3.535e-02	1.45165382904189	CHCHD2
1305.08	0.51	0.150821943756294	3.38458437122696	7.129e-04	1.716e-02	1.76547980852665	SEC14L1
9525.32	0.51	0.138520538225079	3.66524868593122	2.471e-04	7.603e-03	2.11900850262093	ATP5B
627.07	0.51	0.167183343091911	3.03500244924833	2.405e-03	4.306e-02	1.36595146311071	MBOAT1
4269.56	0.51	0.138145910353611	3.66375721683529	2.485e-04	7.630e-03	2.1174774280083	ATP5G3
3220.57	0.51	0.144604198053491	3.4983799914683	4.681e-04	1.268e-02	1.89690275609475	GDI2
1192.63	0.5	0.160895932463443	3.12464437925281	1.780e-03	3.501e-02	1.45578927674113	MFSD10
1315.39	0.5	0.158765854759135	3.1642223391818	1.555e-03	3.170e-02	1.49890524654867	PYCARD
685.59	0.5	0.164962896136982	3.02373348178958	2.497e-03	4.422e-02	1.35438267749329	RAB1A
20009.99	0.5	0.167493924131392	2.97714463010951	2.909e-03	4.962e-02	1.30432921971021	RPL18A
4697.49	0.5	0.154728281455699	3.21501970461059	1.304e-03	2.762e-02	1.55875764067582	RPL36A
841.77	0.5	0.164560954341886	3.01055795353813	2.608e-03	4.558e-02	1.34122739128312	CKAP2L
996.77	0.5	0.160023600926312	3.0954225319754	1.965e-03	3.744e-02	1.42667181578637	TIMM50
6486.19	0.49	0.159255992946873	3.10035296352492	1.933e-03	3.703e-02	1.43141167147731	RPS17
6486.19	0.49	0.159255992946873	3.10035296352492	1.933e-03	3.703e-02	1.43141167147731	RPS17L
32504.66	0.49	0.159944314756734	3.08504258099123	2.035e-03	3.829e-02	1.41689917238166	RPL13
2812.08	0.49	0.151605873656034	3.22957555802745	1.240e-03	2.670e-02	1.57344929169011	MDH2
8945.08	0.49	0.156253672868888	3.11322860418188	1.851e-03	3.587e-02	1.44531261454507	RPL9
909.75	0.48	0.15317375670378	3.16347514554409	1.559e-03	3.174e-02	1.49845286322607	POLR2A
769.12	0.48	0.158286729509581	3.05885766521688	2.222e-03	4.070e-02	1.3904059466886	DNAJA3
33485.27	0.48	0.143287428970675	3.37314343483331	7.432e-04	1.766e-02	1.75304712397423	RPS6
935.54	0.48	0.156233197204213	3.08616512766693	2.028e-03	3.829e-02	1.41689917238166	GART
3161.2	0.48	0.154270692653114	3.11924110702159	1.813e-03	3.535e-02	1.45157516506374	KIN
3144.41	0.48	0.149206870855848	3.21642421341	1.298e-03	2.756e-02	1.55976855934379	TUBA4A
2976.17	0.48	0.149623297478009	3.20517512513392	1.350e-03	2.830e-02	1.54825758345358	MFNG
1551.82	0.48	0.144870510266102	3.30304603929843	9.564e-04	2.176e-02	1.66238405508976	CCT2
3759.66	0.48	0.140777325076168	3.38601955266032	7.091e-04	1.712e-02	1.76637619901055	RBM3
2182.97	0.47	0.146000689016553	3.25340064084737	1.140e-03	2.517e-02	1.59911499003088	CLTA
3267.49	0.47	0.134279247921531	3.53067978675944	4.145e-04	1.153e-02	1.93811244070974	CCT8
5083.72	0.47	0.140276355960922	3.36399272050348	7.682e-04	1.819e-02	1.74017324981942	CCT7
1001.25	0.47	0.155516741113938	3.02271026367513	2.505e-03	4.431e-02	1.35348975157927	DR1
2337.43	0.47	0.147809673577284	3.17400480759111	1.504e-03	3.081e-02	1.51125260264299	POLR2E
6899.95	0.47	0.145732494968072	3.21484499828454	1.305e-03	2.762e-02	1.55875764067582	HNRNPA1P10
4238.27	0.47	0.148421086228437	3.15593092457666	1.600e-03	3.232e-02	1.4905060873778	PABPC1
2579.71	0.47	0.13949063179103	3.33379595656956	8.567e-04	1.986e-02	1.70198499189712	EIF4G1
9564.99	0.46	0.138193047381644	3.35823208501367	7.844e-04	1.847e-02	1.7334190340175	HNRNPC
3401.69	0.46	0.134318650073318	3.44196230352896	5.775e-04	1.477e-02	1.8304990793698	PTGES3
1473.29	0.46	0.149273421865593	3.06953996309561	2.144e-03	3.970e-02	1.40124849349524	DTYMK
896.39	0.46	0.153598053660628	2.98228942098616	2.861e-03	4.904e-02	1.30940611513897	PMPCA
1079.29	0.46	0.151277492512881	3.01844391222738	2.541e-03	4.466e-02	1.35009106954574	EIF2S1
28590.36	0.46	0.151491736739958	3.01193287743121	2.596e-03	4.543e-02	1.34262522291075	RPS4X
1238.73	0.45	0.151461881418901	2.97950492426662	2.887e-03	4.943e-02	1.30601450058731	CCDC170
7303.77	0.45	0.140939573417956	3.18727707483776	1.436e-03	2.969e-02	1.52740888096519	ATP5A1
1632.27	0.45	0.14949059910471	2.99969465767168	2.703e-03	4.705e-02	1.32741768438432	CSNK1A1
5318.61	0.44	0.145641994718966	3.04152715490291	2.354e-03	4.253e-02	1.37126104883563	FERMT3
2621.13	0.44	0.147680328214965	2.99855535650287	2.713e-03	4.712e-02	1.32678923289391	RPL22
2748.68	0.44	0.135470218711749	3.26452340854193	1.096e-03	2.433e-02	1.61377128267868	CCT4
38012.88	0.44	0.145482076664332	3.01834150544585	2.542e-03	4.466e-02	1.35009106954574	PPIA
9788.4	0.44	0.14079673634816	3.11787969398476	1.822e-03	3.536e-02	1.45153085999416	PGAM1
1451.29	0.44	0.144625389965276	3.02552703926132	2.482e-03	4.402e-02	1.35638145780042	RGS14
1934.44	0.43	0.141076323278329	3.07732650038995	2.089e-03	3.901e-02	1.4088261142873	DNAJA1
4115.48	0.43	0.134397452171559	3.22653938274741	1.253e-03	2.686e-02	1.5709360453267	LOC100505702
4633.28	0.43	0.137154588486291	3.15187672691741	1.622e-03	3.267e-02	1.48578505578379	FKBP1A
8074.47	0.43	0.137522795072324	3.11798840905666	1.821e-03	3.536e-02	1.45153085999416	TUBB4B
3979.69	0.43	0.139947784678607	3.04176646869617	2.352e-03	4.253e-02	1.37126104883563	PARK7
4334.61	0.42	0.131800357193506	3.21268902446702	1.315e-03	2.779e-02	1.55618462547388	SURF4
3160.14	0.42	0.13721876048506	3.08504051918525	2.035e-03	3.829e-02	1.41689917238166	CCT6A
190294.84	0.42	0.128324383666069	3.26218038525778	1.106e-03	2.444e-02	1.61183237933538	MTRNR2L2
2266.41	0.42	0.140121676610635	2.97713919366868	2.910e-03	4.962e-02	1.30432921971021	MORC2-AS1
2883.92	0.41	0.135371306290608	3.03559201820303	2.401e-03	4.303e-02	1.36621793947362	RNPS1
5162.51	0.4	0.133871444190638	3.01682766052762	2.554e-03	4.476e-02	1.3490632121246	PA2G4
172917.14	0.4	0.125532928521729	3.17486647442958	1.499e-03	3.080e-02	1.51148452072718	MTRNR2L1
2218.6	-0.44	0.1424342014702	-3.06091322214677	2.207e-03	4.053e-02	1.3921934457077	SUN2
2045.48	-0.45	0.141516923176308	-3.16240450437184	1.565e-03	3.180e-02	1.49751723432477	IRF1
11985.59	-0.45	0.148810076101503	-3.02226528543375	2.509e-03	4.432e-02	1.35342609070712	IL2RB
2812.39	-0.46	0.152808071087128	-2.9848286991853	2.837e-03	4.876e-02	1.31189341248373	ANKRD44
21252.09	-0.46	0.15152837912673	-3.02756791020646	2.465e-03	4.382e-02	1.35829357558239	GSTP1
5700.05	-0.46	0.148640517290821	-3.10160366818365	1.925e-03	3.698e-02	1.43199805637128	PIM1
2329.42	-0.47	0.147325009931202	-3.17766905634604	1.485e-03	3.055e-02	1.51501185107712	SELPLG
6055.06	-0.47	0.151350587016643	-3.0933435650409	1.979e-03	3.764e-02	1.42437917378765	TAP1
897.79	-0.47	0.156048584810101	-3.02725991118091	2.468e-03	4.382e-02	1.35829357558239	CAST
1472.16	-0.47	0.144939787221622	-3.26305708603786	1.102e-03	2.441e-02	1.61245610880774	ANKRD36
6786.98	-0.49	0.135345102747923	-3.63947273923785	2.732e-04	8.217e-03	2.08529590092938	RNF213
9959.46	-0.5	0.145623249108566	-3.41794165703778	6.310e-04	1.590e-02	1.7986583281774	PTPRCAP
716.19	-0.5	0.161046391526076	-3.09132520350592	1.993e-03	3.774e-02	1.4231461444358	TRIM38
2681.61	-0.5	0.167228626031088	-2.99846036962462	2.713e-03	4.712e-02	1.32678923289391	STAT1
877.53	-0.5	0.163435544919836	-3.07879215055092	2.078e-03	3.893e-02	1.40974561355391	IRF9
6442.72	-0.5	0.144634506427175	-3.48393095241599	4.941e-04	1.322e-02	1.87876635768068	SRGN
548.31	-0.51	0.168919313689422	-2.99226149150148	2.769e-03	4.779e-02	1.32063013707399	PBXIP1
1214.4	-0.51	0.165350358550846	-3.06034471365404	2.211e-03	4.055e-02	1.39196588958507	CASP4
1036.43	-0.51	0.168771753969274	-3.03626879386836	2.395e-03	4.300e-02	1.36656709765995	TNFAIP3
703.4	-0.51	0.162715867615931	-3.15193845976674	1.622e-03	3.267e-02	1.48578505578379	MYCBP2
633.27	-0.51	0.166454125575667	-3.08293367313529	2.050e-03	3.850e-02	1.41456616140964	TAPBPL
1318.11	-0.51	0.160270550217094	-3.2072000989645	1.340e-03	2.819e-02	1.5499482472039	ARHGAP25
3089.18	-0.51	0.167709490535922	-3.06929414366464	2.146e-03	3.970e-02	1.40124849349524	GNG2
706.17	-0.52	0.169618170944811	-3.0402195506603	2.364e-03	4.266e-02	1.36996231827499	KCTD10
1307.19	-0.52	0.159784960881562	-3.22776090272568	1.248e-03	2.679e-02	1.57209247746319	IL27RA
736.11	-0.52	0.1702039905651	-3.03710004548406	2.389e-03	4.299e-02	1.36663790295508	OBFC1
2715.93	-0.52	0.167906290659367	-3.09990260380272	1.936e-03	3.704e-02	1.43137394657366	BIN2
1382.63	-0.52	0.149169111860364	-3.51890795335787	4.333e-04	1.196e-02	1.92230010807708	STOM
672.32	-0.52	0.166633543351872	-3.15044095243675	1.630e-03	3.279e-02	1.4843046121227	HELZ
1041.79	-0.53	0.159817120028163	-3.29543414104067	9.827e-04	2.219e-02	1.65387726671373	HSH2D
4091.62	-0.53	0.136928394018883	-3.84796610863403	1.191e-04	4.253e-03	2.37133926155992	TNFRSF18
704.65	-0.53	0.178038951967538	-2.97560016779433	2.924e-03	4.974e-02	1.30326169039143	FYN
836.32	-0.53	0.164121004826611	-3.24760504196441	1.164e-03	2.560e-02	1.59169636607818	LYST
3543.69	-0.54	0.172139832228507	-3.13286429287198	1.731e-03	3.430e-02	1.46469596132227	IFITM2
1199.86	-0.54	0.158628409028661	-3.4276740325274	6.088e-04	1.543e-02	1.81174174973868	GBP4
833.89	-0.55	0.157166730817971	-3.4689545397242	5.225e-04	1.365e-02	1.86480011885299	ANKRD36B
3842.51	-0.55	0.172559861436827	-3.19722348651443	1.388e-03	2.882e-02	1.54034352504745	HOPX
523.18	-0.55	0.174571399861682	-3.16589920142057	1.546e-03	3.157e-02	1.50074464448857	RABGAP1L
1901.02	-0.56	0.147241080080541	-3.80481810945694	1.419e-04	4.897e-03	2.3100913935271	NUCB2
463.7	-0.56	0.179004521586563	-3.13027291993652	1.746e-03	3.455e-02	1.46153881772488	PTPRE
1023.03	-0.56	0.158860714925816	-3.52864085837772	4.177e-04	1.160e-02	1.93566966231419	ATP6V0E1
1334.92	-0.56	0.166555287069572	-3.38212694689139	7.193e-04	1.724e-02	1.76335249603986	MLL5
525.61	-0.57	0.180881576337264	-3.14398498822849	1.667e-03	3.337e-02	1.47667819653225	HENMT1
1309.13	-0.57	0.146401815752527	-3.88749593109546	1.013e-04	3.757e-03	2.42515163509884	MLL3
414.92	-0.57	0.181550641160532	-3.14355027057963	1.669e-03	3.337e-02	1.47667819653225	SNRK
7110.95	-0.57	0.132602797048287	-4.32287780974043	1.540e-05	8.194e-04	3.08652178080452	CCL5
49836.59	-0.58	0.139495907144894	-4.12981590483788	3.631e-05	1.643e-03	2.78423962167269	HLA-A
1213.76	-0.58	0.165745907643669	-3.48012346041166	5.012e-04	1.326e-02	1.87761472802675	CYTH1
2419.44	-0.58	0.140219070538168	-4.13863448335309	3.494e-05	1.603e-03	2.7949847511896	MACF1
486.61	-0.58	0.187575499126595	-3.10297554961011	1.916e-03	3.687e-02	1.43338553431495	NFATC2
456.88	-0.59	0.188720503955388	-3.10639363462081	1.894e-03	3.660e-02	1.43652241042733	IGF2R
1707.83	-0.59	0.189660336098832	-3.10359935101183	1.912e-03	3.684e-02	1.43367478637503	UCP2
715.61	-0.59	0.164788570091402	-3.58025567954556	3.433e-04	9.922e-03	2.00340972442697	LOC100507463
1194.23	-0.59	0.164271806719574	-3.60509670991731	3.120e-04	9.239e-03	2.03435948331314	KLRD1
988.61	-0.59	0.175962729391846	-3.3737420385649	7.415e-04	1.765e-02	1.75321794211796	SPATA13
211415.51	-0.6	0.162663762980794	-3.68828611570275	2.258e-04	7.044e-03	2.15216675160068	B2M
1134.12	-0.6	0.152526525655549	-3.95189258312392	7.754e-05	3.028e-03	2.51891389034084	CHST12
1417.68	-0.61	0.161610614173623	-3.77027980620565	1.631e-04	5.403e-03	2.26733392877215	TXK
1876.05	-0.61	0.140497391345679	-4.33753503572779	1.441e-05	7.806e-04	3.10759351336745	GLIPR2
1036.74	-0.62	0.164012912883876	-3.75658637888369	1.722e-04	5.599e-03	2.25189874752886	HERC1
2427.97	-0.62	0.150889219180458	-4.08909698670277	4.331e-05	1.902e-03	2.72071838363551	TXNIP
2200.12	-0.62	0.142960841466791	-4.3313617832462	1.482e-05	7.948e-04	3.09976919630899	AKAP13
1672.43	-0.62	0.146802515595989	-4.22031389476262	2.440e-05	1.180e-03	2.92797483643513	TRIM22
646.23	-0.62	0.192694799594666	-3.22282489602944	1.269e-03	2.708e-02	1.56738799466267	ADAM10
463.78	-0.62	0.197289094593984	-3.16158359002614	1.569e-03	3.184e-02	1.49702740150029	TGFBR1
516.46	-0.63	0.19804424521871	-3.15635661347394	1.598e-03	3.232e-02	1.4905060873778	RAB7L1
4080.59	-0.63	0.165165208241926	-3.80047399743491	1.444e-04	4.946e-03	2.30577404304972	KLRK1
744.03	-0.63	0.182459551849232	-3.45938804474298	5.414e-04	1.398e-02	1.85435747306955	FOXN3
430.34	-0.63	0.204318973484496	-3.09148721417332	1.992e-03	3.774e-02	1.4231461444358	CDC42EP3
1532.98	-0.64	0.14986553130502	-4.27700182270965	1.894e-05	9.729e-04	3.01191951608742	TPST2
652.92	-0.64	0.209879385214808	-3.06685480254967	2.163e-03	3.996e-02	1.39842240375772	NLRP1
258.32	-0.64	0.21086239074624	-3.05510003772749	2.250e-03	4.099e-02	1.38733814260978	FOSL2
985.46	-0.65	0.169734657574173	-3.80247560160021	1.433e-04	4.931e-03	2.30710335389021	TNFSF14
560.12	-0.65	0.18710810009509	-3.4600303881145	5.401e-04	1.398e-02	1.85455254840994	ZBTB16
902.8	-0.65	0.15624822242077	-4.14863070673387	3.345e-05	1.552e-03	2.80921205740892	PILRB
554.49	-0.65	0.189848705608742	-3.4346348850255	5.934e-04	1.509e-02	1.82123501384353	CCDC69
343.57	-0.65	0.191623704775537	-3.40755016722602	6.555e-04	1.633e-02	1.78698828950014	GADD45B
1238.3	-0.65	0.161967600866801	-4.03639875179794	5.428e-05	2.237e-03	2.6503103321769	NLRC5
486.02	-0.66	0.191958869840828	-3.4164341369767	6.345e-04	1.594e-02	1.79747206188947	PLEKHO2
332.54	-0.66	0.196803092523178	-3.34656906948202	8.182e-04	1.909e-02	1.71917776796289	GOLGA8S
3501.32	-0.66	0.156035614010943	-4.22503496549726	2.389e-05	1.160e-03	2.93549847974674	NCR3
552.16	-0.66	0.194370232378932	-3.39318641773373	6.908e-04	1.683e-02	1.77378789998938	DGKD
631.01	-0.66	0.170166941753982	-3.8831794869392	1.031e-04	3.788e-03	2.42153523745265	STK38
1897.09	-0.66	0.150159223909316	-4.41974315228424	9.882e-06	6.034e-04	3.21936332966226	ARHGEF3
287	-0.67	0.210395052869456	-3.18537247261077	1.446e-03	2.984e-02	1.52522132052576	GVINP1
300.84	-0.67	0.199817736310771	-3.35841223714594	7.839e-04	1.847e-02	1.7334190340175	TNRC6C
660.48	-0.67	0.175637838148008	-3.8388132709077	1.236e-04	4.379e-03	2.3586046868187	CTSS
361.77	-0.68	0.189737025039267	-3.55762006244521	3.742e-04	1.061e-02	1.97427085685221	PDE7A
263.35	-0.68	0.210765195926685	-3.20597616290539	1.346e-03	2.826e-02	1.54878410467473	PRCP
4826.78	-0.68	0.149387711639552	-4.53318096793991	5.810e-06	3.979e-04	3.40023219308042	PSAP
530.04	-0.68	0.175103824598626	-3.8751930370461	1.065e-04	3.898e-03	2.40916795518842	TGFBR3
3715.9	-0.7	0.183246862918834	-3.79980909666594	1.448e-04	4.946e-03	2.30577404304972	CST7
16179.04	-0.7	0.160775906991744	-4.36623368588286	1.264e-05	7.123e-04	3.14736502278359	HLA-E
979.85	-0.71	0.160530583438026	-4.3988843075125	1.088e-05	6.487e-04	3.18797259009682	SAMD3
2627.27	-0.71	0.171722258288429	-4.12350572558754	3.731e-05	1.683e-03	2.77379784743047	ARL4C
354.9	-0.71	0.203199633750899	-3.49619970724777	4.719e-04	1.275e-02	1.89459019955919	NPC1
288.79	-0.71	0.212839577041659	-3.33848589047684	8.424e-04	1.960e-02	1.70780119549601	EPG5
423.84	-0.71	0.205275375789194	-3.46631939349427	5.276e-04	1.371e-02	1.86301725750379	EFHD2
255.85	-0.71	0.237745751279722	-2.99632956541126	2.733e-03	4.739e-02	1.32431769070893	RUNX1-IT1
932.97	-0.71	0.188089350478588	-3.79243757498032	1.492e-04	5.043e-03	2.29728747259801	TPP1
1508.23	-0.72	0.176230288235312	-4.06303237536503	4.844e-05	2.060e-03	2.68614085344005	FASLG
859.46	-0.72	0.164060833495627	-4.38988282807475	1.134e-05	6.643e-04	3.17766540824937	ADD3
270.89	-0.72	0.225998314521858	-3.18782136359945	1.433e-03	2.968e-02	1.527553472884	SMAD3
222.99	-0.72	0.242455057794568	-2.9747429275251	2.932e-03	4.974e-02	1.30326169039143	CRY1
2249.54	-0.72	0.16484404106881	-4.38204020656704	1.176e-05	6.768e-04	3.16956862698306	NBPF10
2962.75	-0.72	0.196290890190461	-3.68842662113967	2.256e-04	7.044e-03	2.15216675160068	CD247
279.1	-0.73	0.203924177159181	-3.55681396756391	3.754e-04	1.062e-02	1.9738597481087	TBX21
301.46	-0.73	0.208563315046079	-3.4789415153196	5.034e-04	1.326e-02	1.87748472535618	JAKMIP2
245.56	-0.73	0.213569230882627	-3.3999312317655	6.740e-04	1.655e-02	1.7813095728249	HS1BP3
231.98	-0.73	0.215209628941497	-3.39120071001675	6.959e-04	1.691e-02	1.77179816513127	EXTL3
397.42	-0.73	0.193749164113224	-3.7680024528038	1.646e-04	5.426e-03	2.26552178452861	PIM2
180.36	-0.74	0.24082731848174	-3.05419083597786	2.257e-03	4.106e-02	1.38661378603308	CARD16
1181.35	-0.74	0.167734972386556	-4.3882683049802	1.143e-05	6.663e-04	3.17634217411146	FGR
531.47	-0.74	0.194821105513563	-3.78530421573947	1.535e-04	5.164e-03	2.28701230848172	F2R
766.46	-0.74	0.185628710410617	-3.99068485640251	6.588e-05	2.650e-03	2.57675482646758	GBP2
2981.16	-0.74	0.141248736998664	-5.24583372683585	1.556e-07	1.924e-05	4.71586652808876	IKZF3
533.92	-0.74	0.199978421720376	-3.70799674141974	2.089e-04	6.611e-03	2.17975152951878	FNDC3B
1750.06	-0.74	0.181911997706383	-4.08555054705258	4.397e-05	1.913e-03	2.71834657693121	S100A6
1171.58	-0.74	0.197934373401411	-3.7613989560537	1.690e-04	5.530e-03	2.25725029694556	SAMHD1
180.44	-0.75	0.240936450158448	-3.09301123596921	1.981e-03	3.764e-02	1.42437917378765	METTL7A
479.46	-0.75	0.176106786529317	-4.24764383689532	2.160e-05	1.068e-03	2.97123738662913	LPIN2
262.26	-0.76	0.235888452091144	-3.20095601390871	1.370e-03	2.858e-02	1.54393541008837	CALCOCO1
235.37	-0.76	0.220731698342692	-3.42462173582952	6.157e-04	1.557e-02	1.80768446749966	SMA4
617.85	-0.76	0.173860390909036	-4.34907836332464	1.367e-05	7.544e-04	3.1224009838969	PTPN4
1018.14	-0.76	0.158583134850118	-4.78176208315318	1.738e-06	1.389e-04	3.85714213292631	FYB
61487.97	-0.77	0.155562165582236	-4.93262636922992	8.113e-07	7.576e-05	4.12053646304169	HLA-B
229.15	-0.77	0.244532041925883	-3.14655212254581	1.652e-03	3.313e-02	1.47983227671965	AXIN1
249.16	-0.77	0.230219225435923	-3.3576223960863	7.862e-04	1.848e-02	1.73325011332272	KLRF1
452.98	-0.78	0.181552998023941	-4.27183957741924	1.939e-05	9.881e-04	3.00518596861921	CD59
416.5	-0.78	0.208060753208116	-3.739379367837	1.845e-04	5.950e-03	2.22545110081332	FES
4412.04	-0.78	0.175390634374429	-4.44186305218621	8.918e-06	5.539e-04	3.25654346830911	HLA-H
1441.6	-0.78	0.18293839430016	-4.2654566990456	1.995e-05	1.009e-03	2.9960633617515	SLC44A2
230.22	-0.78	0.23452807849473	-3.32799914761569	8.747e-04	2.021e-02	1.69444674418184	N4BP3
59227.04	-0.78	0.174633078293021	-4.47348913665853	7.695e-06	4.964e-04	3.30413076885036	NKG7
535.92	-0.78	0.177813608383744	-4.39765845370125	1.094e-05	6.494e-04	3.18745461447353	KAT6B
14423.84	-0.78	0.149707030194396	-5.23284482895506	1.669e-07	2.026e-05	4.69327069757536	CD74
587.89	-0.8	0.188251426417616	-4.2551926789953	2.089e-05	1.049e-03	2.9793961315762	OSBPL5
269.88	-0.8	0.218109227055915	-3.67499355620554	2.379e-04	7.370e-03	2.13255285019596	AUTS2
77956.06	-0.8	0.13472143736289	-5.9502715337954	2.677e-09	5.860e-07	6.23207333180322	MALAT1
1838.21	-0.8	0.16816466269255	-4.77577830670972	1.790e-06	1.423e-04	3.846812069995	UTRN
473.98	-0.81	0.181088842741553	-4.45443116903595	8.412e-06	5.311e-04	3.27484396008098	RAB37
1346.86	-0.81	0.180199026602163	-4.48374456550391	7.334e-06	4.801e-04	3.31865152185713	AOAH
253.44	-0.81	0.229445719458349	-3.53319443377196	4.106e-04	1.149e-02	1.93951937244213	SAMD9
177.51	-0.81	0.250381923259489	-3.24084054989956	1.192e-03	2.599e-02	1.58516048185904	ANXA2R
2387.38	-0.81	0.13970155251201	-5.83010811980757	5.539e-09	1.138e-06	5.94385905961903	GSN
568.05	-0.83	0.188144309045816	-4.38630201301519	1.153e-05	6.665e-04	3.17619385948428	HLA-L
1109.9	-0.83	0.168810963549753	-4.91346838725491	8.948e-07	8.184e-05	4.08701955668947	SYNE1
472.79	-0.83	0.201506054592697	-4.13149147262503	3.604e-05	1.643e-03	2.78423962167269	PYHIN1
156.8	-0.83	0.261064147889076	-3.19728626346699	1.387e-03	2.882e-02	1.54034352504745	ABHD4
255.93	-0.83	0.278884719778748	-2.99344491537414	2.758e-03	4.772e-02	1.32133719333599	KIR2DL1
207.44	-0.84	0.273511234478901	-3.05604180514067	2.243e-03	4.092e-02	1.38810919547679	IGF1R
2306.88	-0.84	0.157931760587812	-5.30674163393478	1.116e-07	1.447e-05	4.83955314411802	NBPF14
1167.2	-0.84	0.183714528718394	-4.57909078139481	4.670e-06	3.282e-04	3.4838239611992	CD244
228	-0.84	0.234116459109401	-3.59398409427472	3.257e-04	9.537e-03	2.02058941764026	BTN3A3
4744.72	-0.84	0.17141557168269	-4.91621922640302	8.823e-07	8.182e-05	4.08712701575785	APMAP
587.81	-0.85	0.19354327771266	-4.3728300805443	1.226e-05	6.999e-04	3.15495045422865	PLEKHF1
326.37	-0.85	0.222669183695359	-3.82177174425994	1.325e-04	4.620e-03	2.33538364558042	FAM64A
635.15	-0.85	0.226159906166492	-3.77148783964479	1.623e-04	5.391e-03	2.2683575302947	KIR2DL3
327.76	-0.86	0.20980496636044	-4.1087300040371	3.978e-05	1.783e-03	2.74889550830291	GCHFR
2247.79	-0.86	0.188270643881434	-4.59361874065989	4.356e-06	3.078e-04	3.51173767974877	TIGIT
283.35	-0.87	0.24762614511246	-3.50959372388028	4.488e-04	1.228e-02	1.91076347959829	BTN3A1
1084.31	-0.89	0.180668892594345	-4.8986693225144	9.649e-07	8.706e-05	4.06017762456678	SH2D1B
246.32	-0.89	0.225438463138533	-3.94588693583025	7.951e-05	3.086e-03	2.51055193945031	LLGL2
347.56	-0.89	0.207168524424257	-4.29450690830629	1.751e-05	9.169e-04	3.03768723524244	C1orf21
618.14	-0.89	0.187680626422327	-4.75234999473575	2.011e-06	1.579e-04	3.80149905846908	HCP5
309.71	-0.89	0.210327819486521	-4.24361746588017	2.199e-05	1.073e-03	2.96936369026954	CD81
622.29	-0.91	0.20628011361832	-4.39940409878266	1.085e-05	6.487e-04	3.18797259009682	TTC38
207.62	-0.91	0.227286516884325	-3.99929162387614	6.353e-05	2.563e-03	2.59122165563295	MXD4
32619.07	-0.91	0.162293594856881	-5.60198251101072	2.119e-08	3.410e-06	5.46730719059265	HLA-C
505.14	-0.92	0.242085852557068	-3.79818352252483	1.458e-04	4.966e-03	2.30403518453679	BZRAP1
532.79	-0.92	0.187541311109518	-4.90986831938663	9.114e-07	8.279e-05	4.08200851367312	NCOA1
193.65	-0.92	0.273411417297099	-3.37646886770377	7.342e-04	1.751e-02	1.75674641821013	MYBL1
6939.57	-0.93	0.160184572770397	-5.78189220142773	7.387e-09	1.495e-06	5.82549364530597	IFITM1
2166.23	-0.94	0.188895365468735	-4.95672818061404	7.169e-07	6.937e-05	4.15880815323913	PLAC8
326.86	-0.94	0.210469833664574	-4.45298787276352	8.468e-06	5.311e-04	3.27484396008098	ARNTL
1840.68	-0.94	0.158503811387684	-5.91369879337177	3.345e-09	7.205e-07	6.1423720417639	HIPK2
4684.79	-0.94	0.170958129930194	-5.48570059504771	4.118e-08	5.978e-06	5.22345433936694	TYROBP
165.46	-0.95	0.252477117873215	-3.75648234866977	1.723e-04	5.599e-03	2.25189874752886	ACSS1
1366.64	-0.95	0.196374112102118	-4.83177467469718	1.353e-06	1.151e-04	3.93892193226953	GIMAP7
631.35	-0.95	0.168805884928474	-5.63688201187486	1.732e-08	2.985e-06	5.52502376743803	TRIB2
98.56	-0.95	0.305122521878534	-3.12134627102935	1.800e-03	3.525e-02	1.45283725554444	SUSD1
93.57	-0.95	0.310703207012368	-3.06979478316574	2.142e-03	3.970e-02	1.40124849349524	KLHL24
709.75	-0.95	0.217441113321886	-4.39150599461071	1.126e-05	6.624e-04	3.17886786152772	GZMH
256.78	-0.96	0.227522950866757	-4.20863486000456	2.569e-05	1.239e-03	2.90707357261047	NPC2
145.11	-0.96	0.284238543401963	-3.38445990336682	7.132e-04	1.716e-02	1.76547980852665	TIMP1
579.87	-0.98	0.20568151482117	-4.74341855361733	2.101e-06	1.641e-04	3.78487300523158	APOL3
116.07	-0.98	0.309196876383675	-3.16119089206963	1.571e-03	3.184e-02	1.49702740150029	TMEM64
796.4	-0.98	0.174461280233012	-5.61550083756412	1.960e-08	3.231e-06	5.49063151898303	BTN3A2
131.94	-0.98	0.289044049298249	-3.3909329602414	6.966e-04	1.691e-02	1.77179816513127	HLA-G
1009.66	-0.98	0.203545763754442	-4.8252025128743	1.399e-06	1.182e-04	3.92734883299665	LBH
374.37	-0.98	0.25009942104516	-3.93326841962461	8.380e-05	3.225e-03	2.49148149020388	PRR5L
300.79	-0.99	0.224741688016263	-4.41683457955478	1.002e-05	6.080e-04	3.21613078289314	SLC15A4
333.93	-1	0.226529782149916	-4.39978790879953	1.084e-05	6.487e-04	3.18797259009682	CLIC3
3054.82	-1	0.178048337525976	-5.63356575001101	1.765e-08	2.985e-06	5.52502376743803	ADAM8
145.57	-1.01	0.280113865331793	-3.60234597830108	3.154e-04	9.296e-03	2.03168262602852	FAIM3
121.64	-1.01	0.281786704942499	-3.58678933142924	3.348e-04	9.744e-03	2.01126900603622	TC2N
99.14	-1.01	0.307003561145466	-3.29516674498985	9.836e-04	2.219e-02	1.65387726671373	TP53I11
80.71	-1.02	0.333528075661776	-3.07056349194636	2.137e-03	3.970e-02	1.40124849349524	ZNF226
136.88	-1.02	0.264797774248914	-3.86907547958778	1.092e-04	3.975e-03	2.40063793531967	NBPF11
195.01	-1.03	0.252376276915454	-4.07189548224916	4.663e-05	1.996e-03	2.69985820822573	FGFBP2
169.15	-1.04	0.243122242443868	-4.26641561092702	1.986e-05	1.009e-03	2.99628076929072	SMPD1
79.13	-1.05	0.335709144626975	-3.12758878155814	1.762e-03	3.479e-02	1.4585694961933	GSTM2
297.8	-1.05	0.232965378351216	-4.51869925152506	6.222e-06	4.196e-04	3.37711891092179	CD79B
114.5	-1.06	0.283123054768713	-3.73273978267661	1.894e-04	6.095e-03	2.21503784773864	NACC2
118.96	-1.06	0.305804447430623	-3.48232886858989	4.971e-04	1.322e-02	1.87876635768068	MYO6
213.9	-1.07	0.262263514166673	-4.07958197233209	4.512e-05	1.956e-03	2.70860145297419	FCGBP
431.77	-1.08	0.186997090920918	-5.76273651188067	8.276e-09	1.625e-06	5.78907208961646	APBB1
246.53	-1.08	0.225480738834381	-4.78732870640139	1.690e-06	1.368e-04	3.86394504443324	YPEL1
130.42	-1.09	0.299043853712243	-3.66140132569199	2.508e-04	7.683e-03	2.11447924143763	NEIL1
317.2	-1.1	0.238006996764872	-4.62151981379282	3.809e-06	2.735e-04	3.56304620081119	NBPF16
243.47	-1.11	0.271694313825996	-4.0757211745505	4.587e-05	1.976e-03	2.70420304445618	MYO15B
236.59	-1.11	0.22247260283789	-4.99762466675562	5.804e-07	5.741e-05	4.24098889144471	TMIGD2
179.27	-1.12	0.259224895682081	-4.31679250402641	1.583e-05	8.356e-04	3.07799298609777	EPSTI1
67.7	-1.12	0.364655027553063	-3.0849506199664	2.036e-03	3.829e-02	1.41689917238166	ROBO3
111.04	-1.13	0.284698554076218	-3.95732249943122	7.579e-05	2.968e-03	2.52750491300805	FAM117A
120.72	-1.13	0.30334112308737	-3.71740989685888	2.013e-04	6.415e-03	2.19281122652642	CLUHP3
155.49	-1.13	0.257917467159739	-4.39144053204012	1.126e-05	6.624e-04	3.17886786152772	LGALS9C
522.38	-1.13	0.190008137215215	-5.96095563432663	2.508e-09	5.589e-07	6.25269886350871	ICAM2
357.07	-1.14	0.237391305495362	-4.78604261709233	1.701e-06	1.368e-04	3.86378741758188	BPGM
3100.35	-1.14	0.165718427011847	-6.87266386832538	6.301e-12	3.659e-09	8.43667991227493	SYNE2
4632.45	-1.15	0.183251774300116	-6.25933854696758	3.866e-10	1.054e-07	6.97730740269044	PLEK
144.15	-1.17	0.327295782507597	-3.56103058670066	3.694e-04	1.054e-02	1.97719256561722	ISG20
377.04	-1.17	0.208702112708224	-5.60813550490883	2.045e-08	3.331e-06	5.47747120046717	FAM53B
123.14	-1.17	0.304860193535024	-3.85279958990255	1.168e-04	4.192e-03	2.37758182044193	ENPP4
146.84	-1.18	0.258215953310325	-4.55940143016131	5.130e-06	3.568e-04	3.44757563948457	RIPK3
778.02	-1.18	0.214072444321109	-5.51305445668516	3.527e-08	5.175e-06	5.28607498155435	GIMAP5
82.44	-1.19	0.334874055018802	-3.56060214079312	3.700e-04	1.054e-02	1.97719256561722	CDKN2B
90.15	-1.2	0.356055770114033	-3.35715118358614	7.875e-04	1.848e-02	1.73325011332272	ZNF318
61.44	-1.21	0.397171573672702	-3.04552765870769	2.323e-03	4.214e-02	1.37526880939988	PAK6
120.21	-1.21	0.283953649362212	-4.27227731211293	1.935e-05	9.881e-04	3.00518596861921	TSPAN32
698.37	-1.22	0.166115079693441	-7.33131939194486	2.279e-13	1.770e-10	9.75192549903261	IFITM3
112.66	-1.22	0.29253319981235	-4.17336878313987	3.001e-05	1.416e-03	2.84886776033058	SLC25A4
159.41	-1.22	0.263338834995985	-4.65079000364738	3.307e-06	2.400e-04	3.61981703953844	RGS12
1185.84	-1.23	0.202131619386844	-6.0610972774224	1.352e-09	3.343e-07	6.47581844725943	CD300A
1622.45	-1.23	0.190795950965125	-6.43261267087496	1.254e-10	4.085e-08	7.38877456166003	HLA-F
175.34	-1.25	0.271903386312283	-4.6091728337881	4.043e-06	2.887e-04	3.53955425110825	TNFRSF25
406.55	-1.26	0.227524665973262	-5.52180147713037	3.355e-08	4.979e-06	5.30288491966015	MTSS1
102.31	-1.27	0.308510670952355	-4.10511422399432	4.041e-05	1.799e-03	2.74500474965996	C3AR1
155.45	-1.27	0.272049557609326	-4.67258149335205	2.974e-06	2.182e-04	3.66106438178416	SIGLEC7
77.23	-1.28	0.336846663976939	-3.78935382406663	1.510e-04	5.093e-03	2.29299282396516	ERBB2
53.63	-1.29	0.390047396023922	-3.31194107454762	9.265e-04	2.126e-02	1.67234403472724	PFKFB2
243.75	-1.29	0.255174500309387	-5.06846224562015	4.010e-07	4.152e-05	4.38178793091531	PIK3IP1
65.71	-1.29	0.400349158246829	-3.23172567760529	1.230e-03	2.659e-02	1.57531271396292	KIFC3
44.22	-1.3	0.435764815144396	-2.98953216783039	2.794e-03	4.814e-02	1.31745611719188	SBK1
49.6	-1.31	0.418356275441314	-3.14120567418705	1.683e-03	3.354e-02	1.47449847496808	ZNF630
69.12	-1.32	0.384584111106234	-3.44069413239128	5.802e-04	1.482e-02	1.82929460179545	TSPAN2
42.58	-1.33	0.442767091069312	-3.00148653007757	2.687e-03	4.684e-02	1.32940642559892	NRSN2
140.85	-1.33	0.289668211157331	-4.59369862952454	4.355e-06	3.078e-04	3.51173767974877	FAM65A
94.94	-1.33	0.35122784131581	-3.79729402094835	1.463e-04	4.968e-03	2.30378719293812	GNAL
88.33	-1.34	0.33229844530047	-4.03164519658814	5.539e-05	2.276e-03	2.64285817918953	GLT25D2
93.87	-1.34	0.35603691759972	-3.76324581310278	1.677e-04	5.503e-03	2.25939250073605	SMAGP
108.72	-1.34	0.31557746101954	-4.25042034500435	2.134e-05	1.067e-03	2.97176712695374	PHLDB2
242.8	-1.34	0.251907269619538	-5.3358075474167	9.512e-08	1.245e-05	4.90471581080025	PRSS30P
92.45	-1.35	0.323583739601824	-4.18087552540136	2.904e-05	1.380e-03	2.86011507877173	RNF43
187.55	-1.36	0.309575423781291	-4.38700987479942	1.149e-05	6.665e-04	3.17619385948428	CHST2
311.96	-1.36	0.20514303500645	-6.63169794335688	3.318e-11	1.385e-08	7.85860053393546	ACP5
116.54	-1.37	0.330775201783931	-4.15473729328848	3.257e-05	1.521e-03	2.81798825337087	SYNGR1
79.32	-1.38	0.341320730636527	-4.04927594781075	5.138e-05	2.151e-03	2.66741617055283	PDGFD
88.93	-1.39	0.321827667110159	-4.30740130226988	1.652e-05	8.685e-04	3.06125499150991	DLG5
341.31	-1.39	0.197852961573901	-7.01914153517531	2.232e-12	1.491e-09	8.82665524446206	PDLIM1
1134.38	-1.4	0.168694596041335	-8.2819485889269	1.212e-16	2.312e-13	12.6360703845415	RARRES3
113.13	-1.42	0.327040697555095	-4.34474303425504	1.394e-05	7.600e-04	3.11917110216646	ZFYVE28
506.52	-1.42	0.438258244093072	-3.24347905040931	1.181e-03	2.585e-02	1.58754398027418	FKBP11
371.75	-1.42	0.217519041858543	-6.54585097348367	5.916e-11	2.197e-08	7.65821792197534	CD7
1300.77	-1.43	0.209621269632173	-6.80284055529945	1.026e-11	5.268e-09	8.27831554434259	S100A4
77.55	-1.43	0.37300894680936	-3.83265878083179	1.268e-04	4.467e-03	2.35002598527977	MAF
112.91	-1.43	0.382219733418013	-3.7457944868521	1.798e-04	5.814e-03	2.23549160065842	LPAR5
301.33	-1.44	0.257492401185236	-5.58632128953927	2.319e-08	3.644e-06	5.43845066471138	SYTL2
333.45	-1.44	0.219046453837939	-6.59319074597269	4.305e-11	1.691e-08	7.77192171123666	RORA
55.05	-1.48	0.396714753909261	-3.73092517362854	1.908e-04	6.124e-03	2.21295392879225	TANC2
77.84	-1.5	0.368724700456611	-4.06353041446846	4.834e-05	2.060e-03	2.68614085344005	NPTX1
117.53	-1.54	0.307235576298124	-5.01036190704137	5.433e-07	5.496e-05	4.25994067480476	DAPK2
312.25	-1.56	0.262037936126208	-5.96074098317412	2.511e-09	5.589e-07	6.25269886350871	COLQ
57.61	-1.58	0.430785322583092	-3.67682719532373	2.362e-04	7.334e-03	2.13466380525453	COMMD3-BMI1
278.48	-1.59	0.241454203643118	-6.59783695112097	4.172e-11	1.688e-08	7.77255856440834	SPOCK2
244.16	-1.61	0.238599543241982	-6.75305325500372	1.448e-11	6.666e-09	8.17612073344365	SH3BP5
51.52	-1.63	0.434463203953112	-3.7593507868549	1.704e-04	5.562e-03	2.25475745220456	DBNDD2
162.89	-1.65	0.3169825045178	-5.19523533174891	2.045e-07	2.334e-05	4.63196394350922	CD6
124.79	-1.66	0.300960281262082	-5.52230546960722	3.346e-08	4.979e-06	5.30288491966015	PATL2
53.92	-1.68	0.408828367866974	-4.10149800593641	4.105e-05	1.814e-03	2.74126066220709	CXCR2
70.78	-1.69	0.463838886864909	-3.63787417831077	2.749e-04	8.249e-03	2.08357760746055	B3GAT1
268.33	-1.7	0.266850188899599	-6.35416413006599	2.096e-10	6.084e-08	7.21583187627949	RASSF4
724.34	-1.73	0.430655009214778	-4.02148603204885	5.783e-05	2.358e-03	2.62753558067392	LITAF
387.39	-1.73	0.260430527811331	-6.65418402760296	2.849e-11	1.268e-08	7.89685394259918	RASA3
33.9	-1.74	0.538317992225606	-3.23022031279118	1.237e-03	2.669e-02	1.57372761781349	TTC16
61.76	-1.76	0.404161414799615	-4.35559958536662	1.327e-05	7.382e-04	3.13180457723218	PTCH1
26.25	-1.76	0.590543270208734	-2.98731215427469	2.814e-03	4.843e-02	1.31486114337945	HBA2
44.15	-1.79	0.460609667194633	-3.88278849300732	1.033e-04	3.788e-03	2.42153523745265	RASGRP2
32.77	-1.8	0.581175489229354	-3.09616195660741	1.960e-03	3.740e-02	1.42713476941784	ADAMTS10
43.39	-1.81	0.460408868206975	-3.93818577907046	8.210e-05	3.169e-03	2.49912147104544	PALLD
29.79	-1.82	0.535101106783885	-3.40518852454935	6.612e-04	1.637e-02	1.78601481234402	SNX29P2
1550.87	-1.82	0.466530405949996	-3.90829322709395	9.295e-05	3.487e-03	2.45758712451808	KLRB1
354.7	-1.83	0.259348998845711	-7.04612732422964	1.840e-12	1.293e-09	8.88840482341075	NMUR1
32.57	-1.84	0.512163919680593	-3.59077574813356	3.297e-04	9.634e-03	2.01619218205119	FAM131A
649.25	-1.85	0.452475069017884	-4.07843047991714	4.534e-05	1.959e-03	2.7078583521234	S1PR5
82.81	-1.85	0.361655126692105	-5.11475218602397	3.142e-07	3.383e-05	4.4706689372085	BNC2
104.39	-1.86	0.340064387159251	-5.47064496743989	4.484e-08	6.370e-06	5.19585014682376	PLXND1
305.47	-1.88	0.255871805202802	-7.3431948112324	2.086e-13	1.741e-10	9.75928879411465	AKR1C3
29.33	-1.89	0.531902427425035	-3.55856123861041	3.729e-04	1.059e-02	1.97490358849759	LOC283070
48.99	-1.94	0.445228620216943	-4.36682408485043	1.261e-05	7.123e-04	3.14736502278359	SIGLEC17P
148.39	-1.96	0.289152317964333	-6.76294763764704	1.352e-11	6.449e-09	8.19053104956115	SMPD3
219.86	-1.99	0.303957993118143	-6.54569165815507	5.922e-11	2.197e-08	7.65821792197534	PLEKHG3
912.78	-2.03	0.394308838156941	-5.14911800943736	2.617e-07	2.937e-05	4.53210832014549	FEZ1
508.27	-2.04	0.22108505429081	-9.22215257458848	2.912e-20	1.944e-16	15.7112351152183	GZMM
82.3	-2.05	0.366899197648292	-5.57587990523806	2.463e-08	3.811e-06	5.41897065703595	PRSS23
49.96	-2.17	0.437659020736392	-4.9610702294084	7.011e-07	6.834e-05	4.16535501546571	PCBP4
55.34	-2.18	0.419639187703018	-5.20467219840149	1.943e-07	2.259e-05	4.64600092868481	NEURL1B
20.64	-2.19	0.648277443255047	-3.3803378222486	7.240e-04	1.732e-02	1.76144846677495	CA11
294.55	-2.21	0.539826161698927	-4.0880497169997	4.350e-05	1.905e-03	2.72018429776498	PDGFRB
240.66	-2.23	0.579703193540749	-3.85184889223045	1.172e-04	4.197e-03	2.37706107650901	FCRL3
31.3	-2.26	0.551393886354475	-4.10081912509335	4.117e-05	1.814e-03	2.74126066220709	SIGLEC9
44.29	-2.3	0.493114891407552	-4.67281731943336	2.971e-06	2.182e-04	3.66106438178416	TCEAL3
178.08	-2.34	0.623868567640864	-3.74816157268017	1.781e-04	5.774e-03	2.23853538669234	LOC100130231
6046.1	-2.35	0.704064819342922	-3.33127228300766	8.645e-04	2.001e-02	1.6987994539346	FCGR3A
35.85	-2.36	0.562964124086708	-4.19255225305061	2.758e-05	1.320e-03	2.87934578857301	LGR6
554.92	-2.38	0.459772322958702	-5.17697406112304	2.255e-07	2.552e-05	4.59309798316075	GPR56
171.96	-2.39	0.303812748102102	-7.86290961421298	3.753e-15	4.556e-12	11.3413890531884	CD160
42.79	-2.41	0.546015515386625	-4.42016917987371	9.862e-06	6.034e-04	3.21936332966226	SPON2
31.58	-2.42	0.697590836860891	-3.46457478555544	5.311e-04	1.377e-02	1.86104371605206	LINGO2
20.93	-2.43	0.698376939506861	-3.48255644761536	4.967e-04	1.322e-02	1.87876635768068	CMKLR1
51.94	-2.44	0.448910729510733	-5.4361456413209	5.445e-08	7.496e-06	5.12519871037174	FCRL6
89.54	-2.49	0.397799729923622	-6.27092663434546	3.589e-10	9.985e-08	7.00064949751444	RAP1GAP2
374.55	-2.54	0.268852643212002	-9.45601632115443	3.199e-21	4.272e-17	16.3693757533037	ADRB2
15.69	-2.6	0.771085970321217	-3.37183807166005	7.467e-04	1.771e-02	1.75176055450786	CTSF
16.38	-2.64	0.787621654886856	-3.34624025422774	8.192e-04	1.909e-02	1.71917776796289	C19orf38
28.9	-3.16	0.630288488485708	-5.02054803016175	5.152e-07	5.252e-05	4.27964811635581	KLF2
90.02	-3.48	1.05534137511281	-3.2964762568617	9.791e-04	2.216e-02	1.65443182114868	TKTL1
450.16	-3.56	0.64068745143901	-5.55207270048898	2.823e-08	4.284e-06	5.3681571380668	CX3CR1
21.94	-4.34	0.885844475182585	-4.89553764841202	9.804e-07	8.728e-05	4.05908845745849	GPR25
50.89	-4.47	0.64974540286014	-6.87655150401113	6.132e-12	3.659e-09	8.43667991227493	CXCR1
